Country Name,Country Code,Series,Series Code,2017 [YR2017],2018 [YR2018],2019 [YR2019]
Afghanistan,AFG,"Adult literacy rate, population 15+ years, rural, adjusted gender parity index (GPIA)",UIS.LR.AG15T99.RUR.GPIA,..,..,..
Afghanistan,AFG,"Adult literacy rate, population 15+ years, male, adjusted location parity index (LPIA)",UIS.LR.AG15T99.M.LPIA,..,..,..
Albania,ALB,"Adult literacy rate, population 15+ years, rural, adjusted gender parity index (GPIA)",UIS.LR.AG15T99.RUR.GPIA,..,..,..
Albania,ALB,"Adult literacy rate, population 15+ years, male, adjusted location parity index (LPIA)",UIS.LR.AG15T99.M.LPIA,..,..,..
American Samoa,ASM,"Adult literacy rate, population 15+ years, rural, adjusted gender parity index (GPIA)",UIS.LR.AG15T99.RUR.GPIA,..,..,..
American Samoa,ASM,"Adult literacy rate, population 15+ years, male, adjusted location parity index (LPIA)",UIS.LR.AG15T99.M.LPIA,..,..,..
Angola,AGO,"Adult literacy rate, population 15+ years, rural, adjusted gender parity index (GPIA)",UIS.LR.AG15T99.RUR.GPIA,..,..,..
Angola,AGO,"Adult literacy rate, population 15+ years, male, adjusted location parity index (LPIA)",UIS.LR.AG15T99.M.LPIA,..,..,..
Arab World,ARB,"Adult literacy rate, population 15+ years, rural, adjusted gender parity index (GPIA)",UIS.LR.AG15T99.RUR.GPIA,..,..,..
Arab World,ARB,"Adult literacy rate, population 15+ years, male, adjusted location parity index (LPIA)",UIS.LR.AG15T99.M.LPIA,..,..,..
Antigua and Barbuda,ATG,"Adult literacy rate, population 15+ years, rural, adjusted gender parity index (GPIA)",UIS.LR.AG15T99.RUR.GPIA,..,..,..
Antigua and Barbuda,ATG,"Adult literacy rate, population 15+ years, male, adjusted location parity index (LPIA)",UIS.LR.AG15T99.M.LPIA,..,..,..
Andorra,AND,"Adult literacy rate, population 15+ years, rural, adjusted gender parity index (GPIA)",UIS.LR.AG15T99.RUR.GPIA,..,..,..
Andorra,AND,"Adult literacy rate, population 15+ years, male, adjusted location parity index (LPIA)",UIS.LR.AG15T99.M.LPIA,..,..,..
Algeria,DZA,"Adult literacy rate, population 15+ years, rural, adjusted gender parity index (GPIA)",UIS.LR.AG15T99.RUR.GPIA,..,..,..
Algeria,DZA,"Adult literacy rate, population 15+ years, male, adjusted location parity index (LPIA)",UIS.LR.AG15T99.M.LPIA,..,..,..
Argentina,ARG,"Adult literacy rate, population 15+ years, rural, adjusted gender parity index (GPIA)",UIS.LR.AG15T99.RUR.GPIA,..,..,..
Argentina,ARG,"Adult literacy rate, population 15+ years, male, adjusted location parity index (LPIA)",UIS.LR.AG15T99.M.LPIA,..,..,..
Aruba,ABW,"Adult literacy rate, population 15+ years, rural, adjusted gender parity index (GPIA)",UIS.LR.AG15T99.RUR.GPIA,..,..,..
Aruba,ABW,"Adult literacy rate, population 15+ years, male, adjusted location parity index (LPIA)",UIS.LR.AG15T99.M.LPIA,..,..,..
Armenia,ARM,"Adult literacy rate, population 15+ years, rural, adjusted gender parity index (GPIA)",UIS.LR.AG15T99.RUR.GPIA,0.99733,..,..
Armenia,ARM,"Adult literacy rate, population 15+ years, male, adjusted location parity index (LPIA)",UIS.LR.AG15T99.M.LPIA,0.99781,..,..
Australia,AUS,"Adult literacy rate, population 15+ years, rural, adjusted gender parity index (GPIA)",UIS.LR.AG15T99.RUR.GPIA,..,..,..
Australia,AUS,"Adult literacy rate, population 15+ years, male, adjusted location parity index (LPIA)",UIS.LR.AG15T99.M.LPIA,..,..,..
Austria,AUT,"Adult literacy rate, population 15+ years, rural, adjusted gender parity index (GPIA)",UIS.LR.AG15T99.RUR.GPIA,..,..,..
Austria,AUT,"Adult literacy rate, population 15+ years, male, adjusted location parity index (LPIA)",UIS.LR.AG15T99.M.LPIA,..,..,..
"Bahamas, The",BHS,"Adult literacy rate, population 15+ years, rural, adjusted gender parity index (GPIA)",UIS.LR.AG15T99.RUR.GPIA,..,..,..
"Bahamas, The",BHS,"Adult literacy rate, population 15+ years, male, adjusted location parity index (LPIA)",UIS.LR.AG15T99.M.LPIA,..,..,..
Bahrain,BHR,"Adult literacy rate, population 15+ years, rural, adjusted gender parity index (GPIA)",UIS.LR.AG15T99.RUR.GPIA,..,..,..
Bahrain,BHR,"Adult literacy rate, population 15+ years, male, adjusted location parity index (LPIA)",UIS.LR.AG15T99.M.LPIA,..,..,..
Azerbaijan,AZE,"Adult literacy rate, population 15+ years, rural, adjusted gender parity index (GPIA)",UIS.LR.AG15T99.RUR.GPIA,0.99875,..,..
Azerbaijan,AZE,"Adult literacy rate, population 15+ years, male, adjusted location parity index (LPIA)",UIS.LR.AG15T99.M.LPIA,0.99997,..,..
Bangladesh,BGD,"Adult literacy rate, population 15+ years, rural, adjusted gender parity index (GPIA)",UIS.LR.AG15T99.RUR.GPIA,0.9159,0.91582,0.91721
Bangladesh,BGD,"Adult literacy rate, population 15+ years, male, adjusted location parity index (LPIA)",UIS.LR.AG15T99.M.LPIA,0.82405,0.83338,0.8421
Zimbabwe,ZWE,"Adult literacy rate, population 15+ years, rural, adjusted gender parity index (GPIA)",UIS.LR.AG15T99.RUR.GPIA,..,..,..
Zimbabwe,ZWE,"Adult literacy rate, population 15+ years, male, adjusted location parity index (LPIA)",UIS.LR.AG15T99.M.LPIA,..,..,..
"Yemen, Rep.",YEM,"Adult literacy rate, population 15+ years, rural, adjusted gender parity index (GPIA)",UIS.LR.AG15T99.RUR.GPIA,..,..,..
"Yemen, Rep.",YEM,"Adult literacy rate, population 15+ years, male, adjusted location parity index (LPIA)",UIS.LR.AG15T99.M.LPIA,..,..,..
West Bank and Gaza,PSE,"Adult literacy rate, population 15+ years, rural, adjusted gender parity index (GPIA)",UIS.LR.AG15T99.RUR.GPIA,..,0.95301,..
West Bank and Gaza,PSE,"Adult literacy rate, population 15+ years, male, adjusted location parity index (LPIA)",UIS.LR.AG15T99.M.LPIA,..,0.99951,..
Virgin Islands (U.S.),VIR,"Adult literacy rate, population 15+ years, rural, adjusted gender parity index (GPIA)",UIS.LR.AG15T99.RUR.GPIA,..,..,..
Virgin Islands (U.S.),VIR,"Adult literacy rate, population 15+ years, male, adjusted location parity index (LPIA)",UIS.LR.AG15T99.M.LPIA,..,..,..
Zambia,ZMB,"Adult literacy rate, population 15+ years, rural, adjusted gender parity index (GPIA)",UIS.LR.AG15T99.RUR.GPIA,..,..,..
Zambia,ZMB,"Adult literacy rate, population 15+ years, male, adjusted location parity index (LPIA)",UIS.LR.AG15T99.M.LPIA,..,..,..
"Venezuela, RB",VEN,"Adult literacy rate, population 15+ years, rural, adjusted gender parity index (GPIA)",UIS.LR.AG15T99.RUR.GPIA,..,..,..
"Venezuela, RB",VEN,"Adult literacy rate, population 15+ years, male, adjusted location parity index (LPIA)",UIS.LR.AG15T99.M.LPIA,..,..,..
Uzbekistan,UZB,"Adult literacy rate, population 15+ years, rural, adjusted gender parity index (GPIA)",UIS.LR.AG15T99.RUR.GPIA,..,0.99977,..
Uzbekistan,UZB,"Adult literacy rate, population 15+ years, male, adjusted location parity index (LPIA)",UIS.LR.AG15T99.M.LPIA,..,1,..
United Kingdom,GBR,"Adult literacy rate, population 15+ years, rural, adjusted gender parity index (GPIA)",UIS.LR.AG15T99.RUR.GPIA,..,..,..
United Kingdom,GBR,"Adult literacy rate, population 15+ years, male, adjusted location parity index (LPIA)",UIS.LR.AG15T99.M.LPIA,..,..,..
United States,USA,"Adult literacy rate, population 15+ years, rural, adjusted gender parity index (GPIA)",UIS.LR.AG15T99.RUR.GPIA,..,..,..
United States,USA,"Adult literacy rate, population 15+ years, male, adjusted location parity index (LPIA)",UIS.LR.AG15T99.M.LPIA,..,..,..
Uruguay,URY,"Adult literacy rate, population 15+ years, rural, adjusted gender parity index (GPIA)",UIS.LR.AG15T99.RUR.GPIA,1.01951,1.01387,..
Uruguay,URY,"Adult literacy rate, population 15+ years, male, adjusted location parity index (LPIA)",UIS.LR.AG15T99.M.LPIA,0.98426,0.9871,..
Vanuatu,VUT,"Adult literacy rate, population 15+ years, rural, adjusted gender parity index (GPIA)",UIS.LR.AG15T99.RUR.GPIA,..,..,..
Vanuatu,VUT,"Adult literacy rate, population 15+ years, male, adjusted location parity index (LPIA)",UIS.LR.AG15T99.M.LPIA,..,..,..
Vietnam,VNM,"Adult literacy rate, population 15+ years, rural, adjusted gender parity index (GPIA)",UIS.LR.AG15T99.RUR.GPIA,..,..,..
Vietnam,VNM,"Adult literacy rate, population 15+ years, male, adjusted location parity index (LPIA)",UIS.LR.AG15T99.M.LPIA,..,..,..
United Arab Emirates,ARE,"Adult literacy rate, population 15+ years, rural, adjusted gender parity index (GPIA)",UIS.LR.AG15T99.RUR.GPIA,..,..,..
United Arab Emirates,ARE,"Adult literacy rate, population 15+ years, male, adjusted location parity index (LPIA)",UIS.LR.AG15T99.M.LPIA,..,..,..
Ukraine,UKR,"Adult literacy rate, population 15+ years, rural, adjusted gender parity index (GPIA)",UIS.LR.AG15T99.RUR.GPIA,..,..,..
Ukraine,UKR,"Adult literacy rate, population 15+ years, male, adjusted location parity index (LPIA)",UIS.LR.AG15T99.M.LPIA,..,..,..
Turks and Caicos Islands,TCA,"Adult literacy rate, population 15+ years, rural, adjusted gender parity index (GPIA)",UIS.LR.AG15T99.RUR.GPIA,..,..,..
Turks and Caicos Islands,TCA,"Adult literacy rate, population 15+ years, male, adjusted location parity index (LPIA)",UIS.LR.AG15T99.M.LPIA,..,..,..
Uganda,UGA,"Adult literacy rate, population 15+ years, rural, adjusted gender parity index (GPIA)",UIS.LR.AG15T99.RUR.GPIA,..,..,..
Uganda,UGA,"Adult literacy rate, population 15+ years, male, adjusted location parity index (LPIA)",UIS.LR.AG15T99.M.LPIA,..,..,..
Tuvalu,TUV,"Adult literacy rate, population 15+ years, rural, adjusted gender parity index (GPIA)",UIS.LR.AG15T99.RUR.GPIA,..,..,..
Tuvalu,TUV,"Adult literacy rate, population 15+ years, male, adjusted location parity index (LPIA)",UIS.LR.AG15T99.M.LPIA,..,..,..
Turkmenistan,TKM,"Adult literacy rate, population 15+ years, rural, adjusted gender parity index (GPIA)",UIS.LR.AG15T99.RUR.GPIA,..,..,..
Turkmenistan,TKM,"Adult literacy rate, population 15+ years, male, adjusted location parity index (LPIA)",UIS.LR.AG15T99.M.LPIA,..,..,..
Tunisia,TUN,"Adult literacy rate, population 15+ years, rural, adjusted gender parity index (GPIA)",UIS.LR.AG15T99.RUR.GPIA,..,..,..
Tunisia,TUN,"Adult literacy rate, population 15+ years, male, adjusted location parity index (LPIA)",UIS.LR.AG15T99.M.LPIA,..,..,..
Tonga,TON,"Adult literacy rate, population 15+ years, rural, adjusted gender parity index (GPIA)",UIS.LR.AG15T99.RUR.GPIA,..,..,..
Tonga,TON,"Adult literacy rate, population 15+ years, male, adjusted location parity index (LPIA)",UIS.LR.AG15T99.M.LPIA,..,..,..
Togo,TGO,"Adult literacy rate, population 15+ years, rural, adjusted gender parity index (GPIA)",UIS.LR.AG15T99.RUR.GPIA,..,..,..
Togo,TGO,"Adult literacy rate, population 15+ years, male, adjusted location parity index (LPIA)",UIS.LR.AG15T99.M.LPIA,..,..,..
Timor-Leste,TLS,"Adult literacy rate, population 15+ years, rural, adjusted gender parity index (GPIA)",UIS.LR.AG15T99.RUR.GPIA,..,..,..
Timor-Leste,TLS,"Adult literacy rate, population 15+ years, male, adjusted location parity index (LPIA)",UIS.LR.AG15T99.M.LPIA,..,..,..
Tokelau,TKL,"Adult literacy rate, population 15+ years, rural, adjusted gender parity index (GPIA)",UIS.LR.AG15T99.RUR.GPIA,..,..,..
Tokelau,TKL,"Adult literacy rate, population 15+ years, male, adjusted location parity index (LPIA)",UIS.LR.AG15T99.M.LPIA,..,..,..
Trinidad and Tobago,TTO,"Adult literacy rate, population 15+ years, rural, adjusted gender parity index (GPIA)",UIS.LR.AG15T99.RUR.GPIA,..,..,..
Trinidad and Tobago,TTO,"Adult literacy rate, population 15+ years, male, adjusted location parity index (LPIA)",UIS.LR.AG15T99.M.LPIA,..,..,..
Turkey,TUR,"Adult literacy rate, population 15+ years, rural, adjusted gender parity index (GPIA)",UIS.LR.AG15T99.RUR.GPIA,..,..,..
Turkey,TUR,"Adult literacy rate, population 15+ years, male, adjusted location parity index (LPIA)",UIS.LR.AG15T99.M.LPIA,..,..,..
Thailand,THA,"Adult literacy rate, population 15+ years, rural, adjusted gender parity index (GPIA)",UIS.LR.AG15T99.RUR.GPIA,..,0.96198,..
Thailand,THA,"Adult literacy rate, population 15+ years, male, adjusted location parity index (LPIA)",UIS.LR.AG15T99.M.LPIA,..,0.96945,..
Tajikistan,TJK,"Adult literacy rate, population 15+ years, rural, adjusted gender parity index (GPIA)",UIS.LR.AG15T99.RUR.GPIA,..,..,..
Tajikistan,TJK,"Adult literacy rate, population 15+ years, male, adjusted location parity index (LPIA)",UIS.LR.AG15T99.M.LPIA,..,..,..
Switzerland,CHE,"Adult literacy rate, population 15+ years, rural, adjusted gender parity index (GPIA)",UIS.LR.AG15T99.RUR.GPIA,..,..,..
Switzerland,CHE,"Adult literacy rate, population 15+ years, male, adjusted location parity index (LPIA)",UIS.LR.AG15T99.M.LPIA,..,..,..
Suriname,SUR,"Adult literacy rate, population 15+ years, rural, adjusted gender parity index (GPIA)",UIS.LR.AG15T99.RUR.GPIA,..,..,..
Suriname,SUR,"Adult literacy rate, population 15+ years, male, adjusted location parity index (LPIA)",UIS.LR.AG15T99.M.LPIA,..,..,..
Sudan,SDN,"Adult literacy rate, population 15+ years, rural, adjusted gender parity index (GPIA)",UIS.LR.AG15T99.RUR.GPIA,..,..,..
Sudan,SDN,"Adult literacy rate, population 15+ years, male, adjusted location parity index (LPIA)",UIS.LR.AG15T99.M.LPIA,..,..,..
Sub-Saharan Africa (excluding high income),SSA,"Adult literacy rate, population 15+ years, rural, adjusted gender parity index (GPIA)",UIS.LR.AG15T99.RUR.GPIA,..,..,..
Sub-Saharan Africa (excluding high income),SSA,"Adult literacy rate, population 15+ years, male, adjusted location parity index (LPIA)",UIS.LR.AG15T99.M.LPIA,..,..,..
Sub-Saharan Africa,SSF,"Adult literacy rate, population 15+ years, rural, adjusted gender parity index (GPIA)",UIS.LR.AG15T99.RUR.GPIA,..,..,..
Sub-Saharan Africa,SSF,"Adult literacy rate, population 15+ years, male, adjusted location parity index (LPIA)",UIS.LR.AG15T99.M.LPIA,..,..,..
Sub-Saharan Africa (IDA & IBRD countries),TSS,"Adult literacy rate, population 15+ years, rural, adjusted gender parity index (GPIA)",UIS.LR.AG15T99.RUR.GPIA,..,..,..
Sub-Saharan Africa (IDA & IBRD countries),TSS,"Adult literacy rate, population 15+ years, male, adjusted location parity index (LPIA)",UIS.LR.AG15T99.M.LPIA,..,..,..
Sweden,SWE,"Adult literacy rate, population 15+ years, rural, adjusted gender parity index (GPIA)",UIS.LR.AG15T99.RUR.GPIA,..,..,..
Sweden,SWE,"Adult literacy rate, population 15+ years, male, adjusted location parity index (LPIA)",UIS.LR.AG15T99.M.LPIA,..,..,..
Syrian Arab Republic,SYR,"Adult literacy rate, population 15+ years, rural, adjusted gender parity index (GPIA)",UIS.LR.AG15T99.RUR.GPIA,..,..,..
Syrian Arab Republic,SYR,"Adult literacy rate, population 15+ years, male, adjusted location parity index (LPIA)",UIS.LR.AG15T99.M.LPIA,..,..,..
Tanzania,TZA,"Adult literacy rate, population 15+ years, rural, adjusted gender parity index (GPIA)",UIS.LR.AG15T99.RUR.GPIA,..,..,..
Tanzania,TZA,"Adult literacy rate, population 15+ years, male, adjusted location parity index (LPIA)",UIS.LR.AG15T99.M.LPIA,..,..,..
St. Vincent and the Grenadines,VCT,"Adult literacy rate, population 15+ years, rural, adjusted gender parity index (GPIA)",UIS.LR.AG15T99.RUR.GPIA,..,..,..
St. Vincent and the Grenadines,VCT,"Adult literacy rate, population 15+ years, male, adjusted location parity index (LPIA)",UIS.LR.AG15T99.M.LPIA,..,..,..
St. Lucia,LCA,"Adult literacy rate, population 15+ years, rural, adjusted gender parity index (GPIA)",UIS.LR.AG15T99.RUR.GPIA,..,..,..
St. Lucia,LCA,"Adult literacy rate, population 15+ years, male, adjusted location parity index (LPIA)",UIS.LR.AG15T99.M.LPIA,..,..,..
Sri Lanka,LKA,"Adult literacy rate, population 15+ years, rural, adjusted gender parity index (GPIA)",UIS.LR.AG15T99.RUR.GPIA,0.97721,0.97817,..
Sri Lanka,LKA,"Adult literacy rate, population 15+ years, male, adjusted location parity index (LPIA)",UIS.LR.AG15T99.M.LPIA,0.97329,0.9734,..
Spain,ESP,"Adult literacy rate, population 15+ years, rural, adjusted gender parity index (GPIA)",UIS.LR.AG15T99.RUR.GPIA,..,0.98705,..
Spain,ESP,"Adult literacy rate, population 15+ years, male, adjusted location parity index (LPIA)",UIS.LR.AG15T99.M.LPIA,..,0.99541,..
St. Kitts and Nevis,KNA,"Adult literacy rate, population 15+ years, rural, adjusted gender parity index (GPIA)",UIS.LR.AG15T99.RUR.GPIA,..,..,..
St. Kitts and Nevis,KNA,"Adult literacy rate, population 15+ years, male, adjusted location parity index (LPIA)",UIS.LR.AG15T99.M.LPIA,..,..,..
St. Martin (French part),MAF,"Adult literacy rate, population 15+ years, rural, adjusted gender parity index (GPIA)",UIS.LR.AG15T99.RUR.GPIA,..,..,..
St. Martin (French part),MAF,"Adult literacy rate, population 15+ years, male, adjusted location parity index (LPIA)",UIS.LR.AG15T99.M.LPIA,..,..,..
Somalia,SOM,"Adult literacy rate, population 15+ years, rural, adjusted gender parity index (GPIA)",UIS.LR.AG15T99.RUR.GPIA,..,..,..
Somalia,SOM,"Adult literacy rate, population 15+ years, male, adjusted location parity index (LPIA)",UIS.LR.AG15T99.M.LPIA,..,..,..
Solomon Islands,SLB,"Adult literacy rate, population 15+ years, rural, adjusted gender parity index (GPIA)",UIS.LR.AG15T99.RUR.GPIA,..,..,..
Solomon Islands,SLB,"Adult literacy rate, population 15+ years, male, adjusted location parity index (LPIA)",UIS.LR.AG15T99.M.LPIA,..,..,..
Sint Maarten (Dutch part),SXM,"Adult literacy rate, population 15+ years, rural, adjusted gender parity index (GPIA)",UIS.LR.AG15T99.RUR.GPIA,..,..,..
Sint Maarten (Dutch part),SXM,"Adult literacy rate, population 15+ years, male, adjusted location parity index (LPIA)",UIS.LR.AG15T99.M.LPIA,..,..,..
Slovenia,SVN,"Adult literacy rate, population 15+ years, rural, adjusted gender parity index (GPIA)",UIS.LR.AG15T99.RUR.GPIA,..,..,..
Slovenia,SVN,"Adult literacy rate, population 15+ years, male, adjusted location parity index (LPIA)",UIS.LR.AG15T99.M.LPIA,..,..,..
Slovak Republic,SVK,"Adult literacy rate, population 15+ years, rural, adjusted gender parity index (GPIA)",UIS.LR.AG15T99.RUR.GPIA,..,..,..
Slovak Republic,SVK,"Adult literacy rate, population 15+ years, male, adjusted location parity index (LPIA)",UIS.LR.AG15T99.M.LPIA,..,..,..
Singapore,SGP,"Adult literacy rate, population 15+ years, rural, adjusted gender parity index (GPIA)",UIS.LR.AG15T99.RUR.GPIA,..,..,..
Singapore,SGP,"Adult literacy rate, population 15+ years, male, adjusted location parity index (LPIA)",UIS.LR.AG15T99.M.LPIA,..,..,..
Sierra Leone,SLE,"Adult literacy rate, population 15+ years, rural, adjusted gender parity index (GPIA)",UIS.LR.AG15T99.RUR.GPIA,..,..,..
Sierra Leone,SLE,"Adult literacy rate, population 15+ years, male, adjusted location parity index (LPIA)",UIS.LR.AG15T99.M.LPIA,..,..,..
Serbia,SRB,"Adult literacy rate, population 15+ years, rural, adjusted gender parity index (GPIA)",UIS.LR.AG15T99.RUR.GPIA,..,..,..
Serbia,SRB,"Adult literacy rate, population 15+ years, male, adjusted location parity index (LPIA)",UIS.LR.AG15T99.M.LPIA,..,..,..
San Marino,SMR,"Adult literacy rate, population 15+ years, rural, adjusted gender parity index (GPIA)",UIS.LR.AG15T99.RUR.GPIA,..,..,..
San Marino,SMR,"Adult literacy rate, population 15+ years, male, adjusted location parity index (LPIA)",UIS.LR.AG15T99.M.LPIA,..,..,..
Rwanda,RWA,"Adult literacy rate, population 15+ years, rural, adjusted gender parity index (GPIA)",UIS.LR.AG15T99.RUR.GPIA,..,0.89321,..
Rwanda,RWA,"Adult literacy rate, population 15+ years, male, adjusted location parity index (LPIA)",UIS.LR.AG15T99.M.LPIA,..,0.81587,..
Romania,ROU,"Adult literacy rate, population 15+ years, rural, adjusted gender parity index (GPIA)",UIS.LR.AG15T99.RUR.GPIA,..,..,..
Romania,ROU,"Adult literacy rate, population 15+ years, male, adjusted location parity index (LPIA)",UIS.LR.AG15T99.M.LPIA,..,..,..
Saudi Arabia,SAU,"Adult literacy rate, population 15+ years, rural, adjusted gender parity index (GPIA)",UIS.LR.AG15T99.RUR.GPIA,..,..,..
Saudi Arabia,SAU,"Adult literacy rate, population 15+ years, male, adjusted location parity index (LPIA)",UIS.LR.AG15T99.M.LPIA,..,..,..
Senegal,SEN,"Adult literacy rate, population 15+ years, rural, adjusted gender parity index (GPIA)",UIS.LR.AG15T99.RUR.GPIA,0.5331,..,..
Senegal,SEN,"Adult literacy rate, population 15+ years, male, adjusted location parity index (LPIA)",UIS.LR.AG15T99.M.LPIA,0.77391,..,..
Seychelles,SYC,"Adult literacy rate, population 15+ years, rural, adjusted gender parity index (GPIA)",UIS.LR.AG15T99.RUR.GPIA,..,..,..
Seychelles,SYC,"Adult literacy rate, population 15+ years, male, adjusted location parity index (LPIA)",UIS.LR.AG15T99.M.LPIA,..,..,..
Sao Tome and Principe,STP,"Adult literacy rate, population 15+ years, rural, adjusted gender parity index (GPIA)",UIS.LR.AG15T99.RUR.GPIA,..,..,..
Sao Tome and Principe,STP,"Adult literacy rate, population 15+ years, male, adjusted location parity index (LPIA)",UIS.LR.AG15T99.M.LPIA,..,..,..
Samoa,WSM,"Adult literacy rate, population 15+ years, rural, adjusted gender parity index (GPIA)",UIS.LR.AG15T99.RUR.GPIA,..,..,..
Samoa,WSM,"Adult literacy rate, population 15+ years, male, adjusted location parity index (LPIA)",UIS.LR.AG15T99.M.LPIA,..,..,..
Russian Federation,RUS,"Adult literacy rate, population 15+ years, rural, adjusted gender parity index (GPIA)",UIS.LR.AG15T99.RUR.GPIA,..,..,..
Russian Federation,RUS,"Adult literacy rate, population 15+ years, male, adjusted location parity index (LPIA)",UIS.LR.AG15T99.M.LPIA,..,..,..
Qatar,QAT,"Adult literacy rate, population 15+ years, rural, adjusted gender parity index (GPIA)",UIS.LR.AG15T99.RUR.GPIA,..,..,..
Qatar,QAT,"Adult literacy rate, population 15+ years, male, adjusted location parity index (LPIA)",UIS.LR.AG15T99.M.LPIA,..,..,..
Puerto Rico,PRI,"Adult literacy rate, population 15+ years, rural, adjusted gender parity index (GPIA)",UIS.LR.AG15T99.RUR.GPIA,..,..,..
Puerto Rico,PRI,"Adult literacy rate, population 15+ years, male, adjusted location parity index (LPIA)",UIS.LR.AG15T99.M.LPIA,..,..,..
Poland,POL,"Adult literacy rate, population 15+ years, rural, adjusted gender parity index (GPIA)",UIS.LR.AG15T99.RUR.GPIA,..,..,..
Poland,POL,"Adult literacy rate, population 15+ years, male, adjusted location parity index (LPIA)",UIS.LR.AG15T99.M.LPIA,..,..,..
Portugal,PRT,"Adult literacy rate, population 15+ years, rural, adjusted gender parity index (GPIA)",UIS.LR.AG15T99.RUR.GPIA,..,..,..
Portugal,PRT,"Adult literacy rate, population 15+ years, male, adjusted location parity index (LPIA)",UIS.LR.AG15T99.M.LPIA,..,..,..
Philippines,PHL,"Adult literacy rate, population 15+ years, rural, adjusted gender parity index (GPIA)",UIS.LR.AG15T99.RUR.GPIA,..,..,..
Philippines,PHL,"Adult literacy rate, population 15+ years, male, adjusted location parity index (LPIA)",UIS.LR.AG15T99.M.LPIA,..,..,..
Panama,PAN,"Adult literacy rate, population 15+ years, rural, adjusted gender parity index (GPIA)",UIS.LR.AG15T99.RUR.GPIA,..,0.95961,..
Panama,PAN,"Adult literacy rate, population 15+ years, male, adjusted location parity index (LPIA)",UIS.LR.AG15T99.M.LPIA,..,0.91123,..
Paraguay,PRY,"Adult literacy rate, population 15+ years, rural, adjusted gender parity index (GPIA)",UIS.LR.AG15T99.RUR.GPIA,..,0.98046,..
Paraguay,PRY,"Adult literacy rate, population 15+ years, male, adjusted location parity index (LPIA)",UIS.LR.AG15T99.M.LPIA,..,0.94954,..
Pakistan,PAK,"Adult literacy rate, population 15+ years, rural, adjusted gender parity index (GPIA)",UIS.LR.AG15T99.RUR.GPIA,0.53431,..,..
Pakistan,PAK,"Adult literacy rate, population 15+ years, male, adjusted location parity index (LPIA)",UIS.LR.AG15T99.M.LPIA,0.77336,..,..
Peru,PER,"Adult literacy rate, population 15+ years, rural, adjusted gender parity index (GPIA)",UIS.LR.AG15T99.RUR.GPIA,0.82651,0.83623,..
Peru,PER,"Adult literacy rate, population 15+ years, male, adjusted location parity index (LPIA)",UIS.LR.AG15T99.M.LPIA,0.94201,0.94081,..
Papua New Guinea,PNG,"Adult literacy rate, population 15+ years, rural, adjusted gender parity index (GPIA)",UIS.LR.AG15T99.RUR.GPIA,..,..,..
Papua New Guinea,PNG,"Adult literacy rate, population 15+ years, male, adjusted location parity index (LPIA)",UIS.LR.AG15T99.M.LPIA,..,..,..
Palau,PLW,"Adult literacy rate, population 15+ years, rural, adjusted gender parity index (GPIA)",UIS.LR.AG15T99.RUR.GPIA,..,..,..
Palau,PLW,"Adult literacy rate, population 15+ years, male, adjusted location parity index (LPIA)",UIS.LR.AG15T99.M.LPIA,..,..,..
Oman,OMN,"Adult literacy rate, population 15+ years, rural, adjusted gender parity index (GPIA)",UIS.LR.AG15T99.RUR.GPIA,..,..,..
Oman,OMN,"Adult literacy rate, population 15+ years, male, adjusted location parity index (LPIA)",UIS.LR.AG15T99.M.LPIA,..,..,..
Norway,NOR,"Adult literacy rate, population 15+ years, rural, adjusted gender parity index (GPIA)",UIS.LR.AG15T99.RUR.GPIA,..,..,..
Norway,NOR,"Adult literacy rate, population 15+ years, male, adjusted location parity index (LPIA)",UIS.LR.AG15T99.M.LPIA,..,..,..
Northern Mariana Islands,MNP,"Adult literacy rate, population 15+ years, rural, adjusted gender parity index (GPIA)",UIS.LR.AG15T99.RUR.GPIA,..,..,..
Northern Mariana Islands,MNP,"Adult literacy rate, population 15+ years, male, adjusted location parity index (LPIA)",UIS.LR.AG15T99.M.LPIA,..,..,..
North America,NAC,"Adult literacy rate, population 15+ years, rural, adjusted gender parity index (GPIA)",UIS.LR.AG15T99.RUR.GPIA,..,..,..
North America,NAC,"Adult literacy rate, population 15+ years, male, adjusted location parity index (LPIA)",UIS.LR.AG15T99.M.LPIA,..,..,..
Niger,NER,"Adult literacy rate, population 15+ years, rural, adjusted gender parity index (GPIA)",UIS.LR.AG15T99.RUR.GPIA,..,..,..
Niger,NER,"Adult literacy rate, population 15+ years, male, adjusted location parity index (LPIA)",UIS.LR.AG15T99.M.LPIA,..,..,..
New Zealand,NZL,"Adult literacy rate, population 15+ years, rural, adjusted gender parity index (GPIA)",UIS.LR.AG15T99.RUR.GPIA,..,..,..
New Zealand,NZL,"Adult literacy rate, population 15+ years, male, adjusted location parity index (LPIA)",UIS.LR.AG15T99.M.LPIA,..,..,..
North Macedonia,MKD,"Adult literacy rate, population 15+ years, rural, adjusted gender parity index (GPIA)",UIS.LR.AG15T99.RUR.GPIA,..,..,..
North Macedonia,MKD,"Adult literacy rate, population 15+ years, male, adjusted location parity index (LPIA)",UIS.LR.AG15T99.M.LPIA,..,..,..
Nigeria,NGA,"Adult literacy rate, population 15+ years, rural, adjusted gender parity index (GPIA)",UIS.LR.AG15T99.RUR.GPIA,..,..,..
Nigeria,NGA,"Adult literacy rate, population 15+ years, male, adjusted location parity index (LPIA)",UIS.LR.AG15T99.M.LPIA,..,..,..
Nicaragua,NIC,"Adult literacy rate, population 15+ years, rural, adjusted gender parity index (GPIA)",UIS.LR.AG15T99.RUR.GPIA,..,..,..
Nicaragua,NIC,"Adult literacy rate, population 15+ years, male, adjusted location parity index (LPIA)",UIS.LR.AG15T99.M.LPIA,..,..,..
New Caledonia,NCL,"Adult literacy rate, population 15+ years, rural, adjusted gender parity index (GPIA)",UIS.LR.AG15T99.RUR.GPIA,..,..,..
New Caledonia,NCL,"Adult literacy rate, population 15+ years, male, adjusted location parity index (LPIA)",UIS.LR.AG15T99.M.LPIA,..,..,..
Netherlands Antilles,ANT,"Adult literacy rate, population 15+ years, rural, adjusted gender parity index (GPIA)",UIS.LR.AG15T99.RUR.GPIA,..,..,..
Netherlands Antilles,ANT,"Adult literacy rate, population 15+ years, male, adjusted location parity index (LPIA)",UIS.LR.AG15T99.M.LPIA,..,..,..
Nepal,NPL,"Adult literacy rate, population 15+ years, rural, adjusted gender parity index (GPIA)",UIS.LR.AG15T99.RUR.GPIA,..,..,..
Nepal,NPL,"Adult literacy rate, population 15+ years, male, adjusted location parity index (LPIA)",UIS.LR.AG15T99.M.LPIA,..,..,..
Namibia,NAM,"Adult literacy rate, population 15+ years, rural, adjusted gender parity index (GPIA)",UIS.LR.AG15T99.RUR.GPIA,..,..,..
Namibia,NAM,"Adult literacy rate, population 15+ years, male, adjusted location parity index (LPIA)",UIS.LR.AG15T99.M.LPIA,..,..,..
Mozambique,MOZ,"Adult literacy rate, population 15+ years, rural, adjusted gender parity index (GPIA)",UIS.LR.AG15T99.RUR.GPIA,0.58978,..,..
Mozambique,MOZ,"Adult literacy rate, population 15+ years, male, adjusted location parity index (LPIA)",UIS.LR.AG15T99.M.LPIA,0.71001,..,..
Montenegro,MNE,"Adult literacy rate, population 15+ years, rural, adjusted gender parity index (GPIA)",UIS.LR.AG15T99.RUR.GPIA,..,..,..
Montenegro,MNE,"Adult literacy rate, population 15+ years, male, adjusted location parity index (LPIA)",UIS.LR.AG15T99.M.LPIA,..,..,..
Monaco,MCO,"Adult literacy rate, population 15+ years, rural, adjusted gender parity index (GPIA)",UIS.LR.AG15T99.RUR.GPIA,..,..,..
Monaco,MCO,"Adult literacy rate, population 15+ years, male, adjusted location parity index (LPIA)",UIS.LR.AG15T99.M.LPIA,..,..,..
Moldova,MDA,"Adult literacy rate, population 15+ years, rural, adjusted gender parity index (GPIA)",UIS.LR.AG15T99.RUR.GPIA,..,..,..
Moldova,MDA,"Adult literacy rate, population 15+ years, male, adjusted location parity index (LPIA)",UIS.LR.AG15T99.M.LPIA,..,..,..
Netherlands,NLD,"Adult literacy rate, population 15+ years, rural, adjusted gender parity index (GPIA)",UIS.LR.AG15T99.RUR.GPIA,..,..,..
Netherlands,NLD,"Adult literacy rate, population 15+ years, male, adjusted location parity index (LPIA)",UIS.LR.AG15T99.M.LPIA,..,..,..
Myanmar,MMR,"Adult literacy rate, population 15+ years, rural, adjusted gender parity index (GPIA)",UIS.LR.AG15T99.RUR.GPIA,..,..,..
Myanmar,MMR,"Adult literacy rate, population 15+ years, male, adjusted location parity index (LPIA)",UIS.LR.AG15T99.M.LPIA,..,..,..
Morocco,MAR,"Adult literacy rate, population 15+ years, rural, adjusted gender parity index (GPIA)",UIS.LR.AG15T99.RUR.GPIA,..,..,..
Morocco,MAR,"Adult literacy rate, population 15+ years, male, adjusted location parity index (LPIA)",UIS.LR.AG15T99.M.LPIA,..,..,..
Mongolia,MNG,"Adult literacy rate, population 15+ years, rural, adjusted gender parity index (GPIA)",UIS.LR.AG15T99.RUR.GPIA,..,..,..
Mongolia,MNG,"Adult literacy rate, population 15+ years, male, adjusted location parity index (LPIA)",UIS.LR.AG15T99.M.LPIA,..,..,..
Nauru,NRU,"Adult literacy rate, population 15+ years, rural, adjusted gender parity index (GPIA)",UIS.LR.AG15T99.RUR.GPIA,..,..,..
Nauru,NRU,"Adult literacy rate, population 15+ years, male, adjusted location parity index (LPIA)",UIS.LR.AG15T99.M.LPIA,..,..,..
"Micronesia, Fed. Sts.",FSM,"Adult literacy rate, population 15+ years, rural, adjusted gender parity index (GPIA)",UIS.LR.AG15T99.RUR.GPIA,..,..,..
"Micronesia, Fed. Sts.",FSM,"Adult literacy rate, population 15+ years, male, adjusted location parity index (LPIA)",UIS.LR.AG15T99.M.LPIA,..,..,..
Mexico,MEX,"Adult literacy rate, population 15+ years, rural, adjusted gender parity index (GPIA)",UIS.LR.AG15T99.RUR.GPIA,0.9629,0.96982,..
Mexico,MEX,"Adult literacy rate, population 15+ years, male, adjusted location parity index (LPIA)",UIS.LR.AG15T99.M.LPIA,0.92238,0.92789,..
Marshall Islands,MHL,"Adult literacy rate, population 15+ years, rural, adjusted gender parity index (GPIA)",UIS.LR.AG15T99.RUR.GPIA,..,..,..
Marshall Islands,MHL,"Adult literacy rate, population 15+ years, male, adjusted location parity index (LPIA)",UIS.LR.AG15T99.M.LPIA,..,..,..
Mali,MLI,"Adult literacy rate, population 15+ years, rural, adjusted gender parity index (GPIA)",UIS.LR.AG15T99.RUR.GPIA,..,0.44142,..
Mali,MLI,"Adult literacy rate, population 15+ years, male, adjusted location parity index (LPIA)",UIS.LR.AG15T99.M.LPIA,..,0.50345,..
Mauritania,MRT,"Adult literacy rate, population 15+ years, rural, adjusted gender parity index (GPIA)",UIS.LR.AG15T99.RUR.GPIA,..,..,..
Mauritania,MRT,"Adult literacy rate, population 15+ years, male, adjusted location parity index (LPIA)",UIS.LR.AG15T99.M.LPIA,..,..,..
Malta,MLT,"Adult literacy rate, population 15+ years, rural, adjusted gender parity index (GPIA)",UIS.LR.AG15T99.RUR.GPIA,..,..,..
Malta,MLT,"Adult literacy rate, population 15+ years, male, adjusted location parity index (LPIA)",UIS.LR.AG15T99.M.LPIA,..,..,..
Mayotte,MYT,"Adult literacy rate, population 15+ years, rural, adjusted gender parity index (GPIA)",UIS.LR.AG15T99.RUR.GPIA,..,..,..
Mayotte,MYT,"Adult literacy rate, population 15+ years, male, adjusted location parity index (LPIA)",UIS.LR.AG15T99.M.LPIA,..,..,..
Mauritius,MUS,"Adult literacy rate, population 15+ years, rural, adjusted gender parity index (GPIA)",UIS.LR.AG15T99.RUR.GPIA,..,..,..
Mauritius,MUS,"Adult literacy rate, population 15+ years, male, adjusted location parity index (LPIA)",UIS.LR.AG15T99.M.LPIA,..,..,..
Malaysia,MYS,"Adult literacy rate, population 15+ years, rural, adjusted gender parity index (GPIA)",UIS.LR.AG15T99.RUR.GPIA,0.94549,0.95078,..
Malaysia,MYS,"Adult literacy rate, population 15+ years, male, adjusted location parity index (LPIA)",UIS.LR.AG15T99.M.LPIA,0.95899,0.96399,..
Madagascar,MDG,"Adult literacy rate, population 15+ years, rural, adjusted gender parity index (GPIA)",UIS.LR.AG15T99.RUR.GPIA,..,..,..
Madagascar,MDG,"Adult literacy rate, population 15+ years, male, adjusted location parity index (LPIA)",UIS.LR.AG15T99.M.LPIA,..,..,..
Luxembourg,LUX,"Adult literacy rate, population 15+ years, rural, adjusted gender parity index (GPIA)",UIS.LR.AG15T99.RUR.GPIA,..,..,..
Luxembourg,LUX,"Adult literacy rate, population 15+ years, male, adjusted location parity index (LPIA)",UIS.LR.AG15T99.M.LPIA,..,..,..
Lithuania,LTU,"Adult literacy rate, population 15+ years, rural, adjusted gender parity index (GPIA)",UIS.LR.AG15T99.RUR.GPIA,..,..,..
Lithuania,LTU,"Adult literacy rate, population 15+ years, male, adjusted location parity index (LPIA)",UIS.LR.AG15T99.M.LPIA,..,..,..
Libya,LBY,"Adult literacy rate, population 15+ years, rural, adjusted gender parity index (GPIA)",UIS.LR.AG15T99.RUR.GPIA,..,..,..
Libya,LBY,"Adult literacy rate, population 15+ years, male, adjusted location parity index (LPIA)",UIS.LR.AG15T99.M.LPIA,..,..,..
"Macao SAR, China",MAC,"Adult literacy rate, population 15+ years, rural, adjusted gender parity index (GPIA)",UIS.LR.AG15T99.RUR.GPIA,..,..,..
"Macao SAR, China",MAC,"Adult literacy rate, population 15+ years, male, adjusted location parity index (LPIA)",UIS.LR.AG15T99.M.LPIA,..,..,..
Malawi,MWI,"Adult literacy rate, population 15+ years, rural, adjusted gender parity index (GPIA)",UIS.LR.AG15T99.RUR.GPIA,..,..,..
Malawi,MWI,"Adult literacy rate, population 15+ years, male, adjusted location parity index (LPIA)",UIS.LR.AG15T99.M.LPIA,..,..,..
Maldives,MDV,"Adult literacy rate, population 15+ years, rural, adjusted gender parity index (GPIA)",UIS.LR.AG15T99.RUR.GPIA,..,..,..
Maldives,MDV,"Adult literacy rate, population 15+ years, male, adjusted location parity index (LPIA)",UIS.LR.AG15T99.M.LPIA,..,..,..
Liechtenstein,LIE,"Adult literacy rate, population 15+ years, rural, adjusted gender parity index (GPIA)",UIS.LR.AG15T99.RUR.GPIA,..,..,..
Liechtenstein,LIE,"Adult literacy rate, population 15+ years, male, adjusted location parity index (LPIA)",UIS.LR.AG15T99.M.LPIA,..,..,..
Liberia,LBR,"Adult literacy rate, population 15+ years, rural, adjusted gender parity index (GPIA)",UIS.LR.AG15T99.RUR.GPIA,..,..,..
Liberia,LBR,"Adult literacy rate, population 15+ years, male, adjusted location parity index (LPIA)",UIS.LR.AG15T99.M.LPIA,..,..,..
Lebanon,LBN,"Adult literacy rate, population 15+ years, rural, adjusted gender parity index (GPIA)",UIS.LR.AG15T99.RUR.GPIA,..,..,..
Lebanon,LBN,"Adult literacy rate, population 15+ years, male, adjusted location parity index (LPIA)",UIS.LR.AG15T99.M.LPIA,..,..,..
Lesotho,LSO,"Adult literacy rate, population 15+ years, rural, adjusted gender parity index (GPIA)",UIS.LR.AG15T99.RUR.GPIA,..,..,..
Lesotho,LSO,"Adult literacy rate, population 15+ years, male, adjusted location parity index (LPIA)",UIS.LR.AG15T99.M.LPIA,..,..,..
Latvia,LVA,"Adult literacy rate, population 15+ years, rural, adjusted gender parity index (GPIA)",UIS.LR.AG15T99.RUR.GPIA,..,..,..
Latvia,LVA,"Adult literacy rate, population 15+ years, male, adjusted location parity index (LPIA)",UIS.LR.AG15T99.M.LPIA,..,..,..
Kuwait,KWT,"Adult literacy rate, population 15+ years, rural, adjusted gender parity index (GPIA)",UIS.LR.AG15T99.RUR.GPIA,0.98611,0.98664,..
Kuwait,KWT,"Adult literacy rate, population 15+ years, male, adjusted location parity index (LPIA)",UIS.LR.AG15T99.M.LPIA,0.96578,0.96513,..
Kyrgyz Republic,KGZ,"Adult literacy rate, population 15+ years, rural, adjusted gender parity index (GPIA)",UIS.LR.AG15T99.RUR.GPIA,..,..,..
Kyrgyz Republic,KGZ,"Adult literacy rate, population 15+ years, male, adjusted location parity index (LPIA)",UIS.LR.AG15T99.M.LPIA,..,..,..
Kosovo,XKX,"Adult literacy rate, population 15+ years, rural, adjusted gender parity index (GPIA)",UIS.LR.AG15T99.RUR.GPIA,..,..,..
Kosovo,XKX,"Adult literacy rate, population 15+ years, male, adjusted location parity index (LPIA)",UIS.LR.AG15T99.M.LPIA,..,..,..
Kazakhstan,KAZ,"Adult literacy rate, population 15+ years, rural, adjusted gender parity index (GPIA)",UIS.LR.AG15T99.RUR.GPIA,..,..,..
Kazakhstan,KAZ,"Adult literacy rate, population 15+ years, male, adjusted location parity index (LPIA)",UIS.LR.AG15T99.M.LPIA,..,..,..
Kiribati,KIR,"Adult literacy rate, population 15+ years, rural, adjusted gender parity index (GPIA)",UIS.LR.AG15T99.RUR.GPIA,..,..,..
Kiribati,KIR,"Adult literacy rate, population 15+ years, male, adjusted location parity index (LPIA)",UIS.LR.AG15T99.M.LPIA,..,..,..
"Korea, Rep.",KOR,"Adult literacy rate, population 15+ years, rural, adjusted gender parity index (GPIA)",UIS.LR.AG15T99.RUR.GPIA,..,..,..
"Korea, Rep.",KOR,"Adult literacy rate, population 15+ years, male, adjusted location parity index (LPIA)",UIS.LR.AG15T99.M.LPIA,..,..,..
"Korea, Dem. People’s Rep.",PRK,"Adult literacy rate, population 15+ years, rural, adjusted gender parity index (GPIA)",UIS.LR.AG15T99.RUR.GPIA,..,..,..
"Korea, Dem. People’s Rep.",PRK,"Adult literacy rate, population 15+ years, male, adjusted location parity index (LPIA)",UIS.LR.AG15T99.M.LPIA,..,..,..
Kenya,KEN,"Adult literacy rate, population 15+ years, rural, adjusted gender parity index (GPIA)",UIS.LR.AG15T99.RUR.GPIA,..,..,..
Kenya,KEN,"Adult literacy rate, population 15+ years, male, adjusted location parity index (LPIA)",UIS.LR.AG15T99.M.LPIA,..,..,..
Jordan,JOR,"Adult literacy rate, population 15+ years, rural, adjusted gender parity index (GPIA)",UIS.LR.AG15T99.RUR.GPIA,..,..,..
Jordan,JOR,"Adult literacy rate, population 15+ years, male, adjusted location parity index (LPIA)",UIS.LR.AG15T99.M.LPIA,..,..,..
Japan,JPN,"Adult literacy rate, population 15+ years, rural, adjusted gender parity index (GPIA)",UIS.LR.AG15T99.RUR.GPIA,..,..,..
Japan,JPN,"Adult literacy rate, population 15+ years, male, adjusted location parity index (LPIA)",UIS.LR.AG15T99.M.LPIA,..,..,..
Isle of Man,IMN,"Adult literacy rate, population 15+ years, rural, adjusted gender parity index (GPIA)",UIS.LR.AG15T99.RUR.GPIA,..,..,..
Isle of Man,IMN,"Adult literacy rate, population 15+ years, male, adjusted location parity index (LPIA)",UIS.LR.AG15T99.M.LPIA,..,..,..
Italy,ITA,"Adult literacy rate, population 15+ years, rural, adjusted gender parity index (GPIA)",UIS.LR.AG15T99.RUR.GPIA,..,..,..
Italy,ITA,"Adult literacy rate, population 15+ years, male, adjusted location parity index (LPIA)",UIS.LR.AG15T99.M.LPIA,..,..,..
Iraq,IRQ,"Adult literacy rate, population 15+ years, rural, adjusted gender parity index (GPIA)",UIS.LR.AG15T99.RUR.GPIA,..,..,..
Iraq,IRQ,"Adult literacy rate, population 15+ years, male, adjusted location parity index (LPIA)",UIS.LR.AG15T99.M.LPIA,..,..,..
Indonesia,IDN,"Adult literacy rate, population 15+ years, rural, adjusted gender parity index (GPIA)",UIS.LR.AG15T99.RUR.GPIA,..,0.95049,..
Indonesia,IDN,"Adult literacy rate, population 15+ years, male, adjusted location parity index (LPIA)",UIS.LR.AG15T99.M.LPIA,..,0.96959,..
India,IND,"Adult literacy rate, population 15+ years, rural, adjusted gender parity index (GPIA)",UIS.LR.AG15T99.RUR.GPIA,..,..,..
India,IND,"Adult literacy rate, population 15+ years, male, adjusted location parity index (LPIA)",UIS.LR.AG15T99.M.LPIA,..,..,..
"Iran, Islamic Rep.",IRN,"Adult literacy rate, population 15+ years, rural, adjusted gender parity index (GPIA)",UIS.LR.AG15T99.RUR.GPIA,..,..,..
"Iran, Islamic Rep.",IRN,"Adult literacy rate, population 15+ years, male, adjusted location parity index (LPIA)",UIS.LR.AG15T99.M.LPIA,..,..,..
Ireland,IRL,"Adult literacy rate, population 15+ years, rural, adjusted gender parity index (GPIA)",UIS.LR.AG15T99.RUR.GPIA,..,..,..
Ireland,IRL,"Adult literacy rate, population 15+ years, male, adjusted location parity index (LPIA)",UIS.LR.AG15T99.M.LPIA,..,..,..
Israel,ISR,"Adult literacy rate, population 15+ years, rural, adjusted gender parity index (GPIA)",UIS.LR.AG15T99.RUR.GPIA,..,..,..
Israel,ISR,"Adult literacy rate, population 15+ years, male, adjusted location parity index (LPIA)",UIS.LR.AG15T99.M.LPIA,..,..,..
Jamaica,JAM,"Adult literacy rate, population 15+ years, rural, adjusted gender parity index (GPIA)",UIS.LR.AG15T99.RUR.GPIA,..,..,..
Jamaica,JAM,"Adult literacy rate, population 15+ years, male, adjusted location parity index (LPIA)",UIS.LR.AG15T99.M.LPIA,..,..,..
Iceland,ISL,"Adult literacy rate, population 15+ years, rural, adjusted gender parity index (GPIA)",UIS.LR.AG15T99.RUR.GPIA,..,..,..
Iceland,ISL,"Adult literacy rate, population 15+ years, male, adjusted location parity index (LPIA)",UIS.LR.AG15T99.M.LPIA,..,..,..
Hungary,HUN,"Adult literacy rate, population 15+ years, rural, adjusted gender parity index (GPIA)",UIS.LR.AG15T99.RUR.GPIA,..,..,..
Hungary,HUN,"Adult literacy rate, population 15+ years, male, adjusted location parity index (LPIA)",UIS.LR.AG15T99.M.LPIA,..,..,..
Honduras,HND,"Adult literacy rate, population 15+ years, rural, adjusted gender parity index (GPIA)",UIS.LR.AG15T99.RUR.GPIA,..,1.01004,..
Honduras,HND,"Adult literacy rate, population 15+ years, male, adjusted location parity index (LPIA)",UIS.LR.AG15T99.M.LPIA,..,0.84758,..
Guyana,GUY,"Adult literacy rate, population 15+ years, rural, adjusted gender parity index (GPIA)",UIS.LR.AG15T99.RUR.GPIA,..,..,..
Guyana,GUY,"Adult literacy rate, population 15+ years, male, adjusted location parity index (LPIA)",UIS.LR.AG15T99.M.LPIA,..,..,..
Guinea,GIN,"Adult literacy rate, population 15+ years, rural, adjusted gender parity index (GPIA)",UIS.LR.AG15T99.RUR.GPIA,..,..,..
Guinea,GIN,"Adult literacy rate, population 15+ years, male, adjusted location parity index (LPIA)",UIS.LR.AG15T99.M.LPIA,..,..,..
Guatemala,GTM,"Adult literacy rate, population 15+ years, rural, adjusted gender parity index (GPIA)",UIS.LR.AG15T99.RUR.GPIA,..,..,..
Guatemala,GTM,"Adult literacy rate, population 15+ years, male, adjusted location parity index (LPIA)",UIS.LR.AG15T99.M.LPIA,..,..,..
Haiti,HTI,"Adult literacy rate, population 15+ years, rural, adjusted gender parity index (GPIA)",UIS.LR.AG15T99.RUR.GPIA,..,..,..
Haiti,HTI,"Adult literacy rate, population 15+ years, male, adjusted location parity index (LPIA)",UIS.LR.AG15T99.M.LPIA,..,..,..
Guinea-Bissau,GNB,"Adult literacy rate, population 15+ years, rural, adjusted gender parity index (GPIA)",UIS.LR.AG15T99.RUR.GPIA,..,..,..
Guinea-Bissau,GNB,"Adult literacy rate, population 15+ years, male, adjusted location parity index (LPIA)",UIS.LR.AG15T99.M.LPIA,..,..,..
"Hong Kong SAR, China",HKG,"Adult literacy rate, population 15+ years, rural, adjusted gender parity index (GPIA)",UIS.LR.AG15T99.RUR.GPIA,..,..,..
"Hong Kong SAR, China",HKG,"Adult literacy rate, population 15+ years, male, adjusted location parity index (LPIA)",UIS.LR.AG15T99.M.LPIA,..,..,..
Guam,GUM,"Adult literacy rate, population 15+ years, rural, adjusted gender parity index (GPIA)",UIS.LR.AG15T99.RUR.GPIA,..,..,..
Guam,GUM,"Adult literacy rate, population 15+ years, male, adjusted location parity index (LPIA)",UIS.LR.AG15T99.M.LPIA,..,..,..
Greenland,GRL,"Adult literacy rate, population 15+ years, rural, adjusted gender parity index (GPIA)",UIS.LR.AG15T99.RUR.GPIA,..,..,..
Greenland,GRL,"Adult literacy rate, population 15+ years, male, adjusted location parity index (LPIA)",UIS.LR.AG15T99.M.LPIA,..,..,..
Greece,GRC,"Adult literacy rate, population 15+ years, rural, adjusted gender parity index (GPIA)",UIS.LR.AG15T99.RUR.GPIA,..,..,..
Greece,GRC,"Adult literacy rate, population 15+ years, male, adjusted location parity index (LPIA)",UIS.LR.AG15T99.M.LPIA,..,..,..
Gibraltar,GIB,"Adult literacy rate, population 15+ years, rural, adjusted gender parity index (GPIA)",UIS.LR.AG15T99.RUR.GPIA,..,..,..
Gibraltar,GIB,"Adult literacy rate, population 15+ years, male, adjusted location parity index (LPIA)",UIS.LR.AG15T99.M.LPIA,..,..,..
Germany,DEU,"Adult literacy rate, population 15+ years, rural, adjusted gender parity index (GPIA)",UIS.LR.AG15T99.RUR.GPIA,..,..,..
Germany,DEU,"Adult literacy rate, population 15+ years, male, adjusted location parity index (LPIA)",UIS.LR.AG15T99.M.LPIA,..,..,..
"Gambia, The",GMB,"Adult literacy rate, population 15+ years, rural, adjusted gender parity index (GPIA)",UIS.LR.AG15T99.RUR.GPIA,..,..,..
"Gambia, The",GMB,"Adult literacy rate, population 15+ years, male, adjusted location parity index (LPIA)",UIS.LR.AG15T99.M.LPIA,..,..,..
Gabon,GAB,"Adult literacy rate, population 15+ years, rural, adjusted gender parity index (GPIA)",UIS.LR.AG15T99.RUR.GPIA,..,..,..
Gabon,GAB,"Adult literacy rate, population 15+ years, male, adjusted location parity index (LPIA)",UIS.LR.AG15T99.M.LPIA,..,..,..
Georgia,GEO,"Adult literacy rate, population 15+ years, rural, adjusted gender parity index (GPIA)",UIS.LR.AG15T99.RUR.GPIA,0.99856,..,..
Georgia,GEO,"Adult literacy rate, population 15+ years, male, adjusted location parity index (LPIA)",UIS.LR.AG15T99.M.LPIA,..,..,..
Ghana,GHA,"Adult literacy rate, population 15+ years, rural, adjusted gender parity index (GPIA)",UIS.LR.AG15T99.RUR.GPIA,..,..,..
Ghana,GHA,"Adult literacy rate, population 15+ years, male, adjusted location parity index (LPIA)",UIS.LR.AG15T99.M.LPIA,..,..,..
Grenada,GRD,"Adult literacy rate, population 15+ years, rural, adjusted gender parity index (GPIA)",UIS.LR.AG15T99.RUR.GPIA,..,..,..
Grenada,GRD,"Adult literacy rate, population 15+ years, male, adjusted location parity index (LPIA)",UIS.LR.AG15T99.M.LPIA,..,..,..
French Polynesia,PYF,"Adult literacy rate, population 15+ years, rural, adjusted gender parity index (GPIA)",UIS.LR.AG15T99.RUR.GPIA,..,..,..
French Polynesia,PYF,"Adult literacy rate, population 15+ years, male, adjusted location parity index (LPIA)",UIS.LR.AG15T99.M.LPIA,..,..,..
Finland,FIN,"Adult literacy rate, population 15+ years, rural, adjusted gender parity index (GPIA)",UIS.LR.AG15T99.RUR.GPIA,..,..,..
Finland,FIN,"Adult literacy rate, population 15+ years, male, adjusted location parity index (LPIA)",UIS.LR.AG15T99.M.LPIA,..,..,..
Faroe Islands,FRO,"Adult literacy rate, population 15+ years, rural, adjusted gender parity index (GPIA)",UIS.LR.AG15T99.RUR.GPIA,..,..,..
Faroe Islands,FRO,"Adult literacy rate, population 15+ years, male, adjusted location parity index (LPIA)",UIS.LR.AG15T99.M.LPIA,..,..,..
France,FRA,"Adult literacy rate, population 15+ years, rural, adjusted gender parity index (GPIA)",UIS.LR.AG15T99.RUR.GPIA,..,..,..
France,FRA,"Adult literacy rate, population 15+ years, male, adjusted location parity index (LPIA)",UIS.LR.AG15T99.M.LPIA,..,..,..
Fiji,FJI,"Adult literacy rate, population 15+ years, rural, adjusted gender parity index (GPIA)",UIS.LR.AG15T99.RUR.GPIA,1.0007,..,..
Fiji,FJI,"Adult literacy rate, population 15+ years, male, adjusted location parity index (LPIA)",UIS.LR.AG15T99.M.LPIA,0.9961,..,..
European Union,EUU,"Adult literacy rate, population 15+ years, rural, adjusted gender parity index (GPIA)",UIS.LR.AG15T99.RUR.GPIA,..,..,..
European Union,EUU,"Adult literacy rate, population 15+ years, male, adjusted location parity index (LPIA)",UIS.LR.AG15T99.M.LPIA,..,..,..
Ethiopia,ETH,"Adult literacy rate, population 15+ years, rural, adjusted gender parity index (GPIA)",UIS.LR.AG15T99.RUR.GPIA,..,..,..
Ethiopia,ETH,"Adult literacy rate, population 15+ years, male, adjusted location parity index (LPIA)",UIS.LR.AG15T99.M.LPIA,..,..,..
Estonia,EST,"Adult literacy rate, population 15+ years, rural, adjusted gender parity index (GPIA)",UIS.LR.AG15T99.RUR.GPIA,..,..,..
Estonia,EST,"Adult literacy rate, population 15+ years, male, adjusted location parity index (LPIA)",UIS.LR.AG15T99.M.LPIA,..,..,..
Eswatini,SWZ,"Adult literacy rate, population 15+ years, rural, adjusted gender parity index (GPIA)",UIS.LR.AG15T99.RUR.GPIA,..,..,..
Eswatini,SWZ,"Adult literacy rate, population 15+ years, male, adjusted location parity index (LPIA)",UIS.LR.AG15T99.M.LPIA,..,..,..
Eritrea,ERI,"Adult literacy rate, population 15+ years, rural, adjusted gender parity index (GPIA)",UIS.LR.AG15T99.RUR.GPIA,..,..,..
Eritrea,ERI,"Adult literacy rate, population 15+ years, male, adjusted location parity index (LPIA)",UIS.LR.AG15T99.M.LPIA,..,..,..
El Salvador,SLV,"Adult literacy rate, population 15+ years, rural, adjusted gender parity index (GPIA)",UIS.LR.AG15T99.RUR.GPIA,0.93645,..,..
El Salvador,SLV,"Adult literacy rate, population 15+ years, male, adjusted location parity index (LPIA)",UIS.LR.AG15T99.M.LPIA,0.89355,..,..
"Egypt, Arab Rep.",EGY,"Adult literacy rate, population 15+ years, rural, adjusted gender parity index (GPIA)",UIS.LR.AG15T99.RUR.GPIA,0.79162,..,..
"Egypt, Arab Rep.",EGY,"Adult literacy rate, population 15+ years, male, adjusted location parity index (LPIA)",UIS.LR.AG15T99.M.LPIA,0.85401,..,..
Equatorial Guinea,GNQ,"Adult literacy rate, population 15+ years, rural, adjusted gender parity index (GPIA)",UIS.LR.AG15T99.RUR.GPIA,..,..,..
Equatorial Guinea,GNQ,"Adult literacy rate, population 15+ years, male, adjusted location parity index (LPIA)",UIS.LR.AG15T99.M.LPIA,..,..,..
Ecuador,ECU,"Adult literacy rate, population 15+ years, rural, adjusted gender parity index (GPIA)",UIS.LR.AG15T99.RUR.GPIA,1.00209,..,..
Ecuador,ECU,"Adult literacy rate, population 15+ years, male, adjusted location parity index (LPIA)",UIS.LR.AG15T99.M.LPIA,0.88643,..,..
Dominican Republic,DOM,"Adult literacy rate, population 15+ years, rural, adjusted gender parity index (GPIA)",UIS.LR.AG15T99.RUR.GPIA,..,..,..
Dominican Republic,DOM,"Adult literacy rate, population 15+ years, male, adjusted location parity index (LPIA)",UIS.LR.AG15T99.M.LPIA,..,..,..
Dominica,DMA,"Adult literacy rate, population 15+ years, rural, adjusted gender parity index (GPIA)",UIS.LR.AG15T99.RUR.GPIA,..,..,..
Dominica,DMA,"Adult literacy rate, population 15+ years, male, adjusted location parity index (LPIA)",UIS.LR.AG15T99.M.LPIA,..,..,..
Cyprus,CYP,"Adult literacy rate, population 15+ years, rural, adjusted gender parity index (GPIA)",UIS.LR.AG15T99.RUR.GPIA,..,..,..
Cyprus,CYP,"Adult literacy rate, population 15+ years, male, adjusted location parity index (LPIA)",UIS.LR.AG15T99.M.LPIA,..,..,..
Denmark,DNK,"Adult literacy rate, population 15+ years, rural, adjusted gender parity index (GPIA)",UIS.LR.AG15T99.RUR.GPIA,..,..,..
Denmark,DNK,"Adult literacy rate, population 15+ years, male, adjusted location parity index (LPIA)",UIS.LR.AG15T99.M.LPIA,..,..,..
Curacao,CUW,"Adult literacy rate, population 15+ years, rural, adjusted gender parity index (GPIA)",UIS.LR.AG15T99.RUR.GPIA,..,..,..
Curacao,CUW,"Adult literacy rate, population 15+ years, male, adjusted location parity index (LPIA)",UIS.LR.AG15T99.M.LPIA,..,..,..
Czech Republic,CZE,"Adult literacy rate, population 15+ years, rural, adjusted gender parity index (GPIA)",UIS.LR.AG15T99.RUR.GPIA,..,..,..
Czech Republic,CZE,"Adult literacy rate, population 15+ years, male, adjusted location parity index (LPIA)",UIS.LR.AG15T99.M.LPIA,..,..,..
Djibouti,DJI,"Adult literacy rate, population 15+ years, rural, adjusted gender parity index (GPIA)",UIS.LR.AG15T99.RUR.GPIA,..,..,..
Djibouti,DJI,"Adult literacy rate, population 15+ years, male, adjusted location parity index (LPIA)",UIS.LR.AG15T99.M.LPIA,..,..,..
Cuba,CUB,"Adult literacy rate, population 15+ years, rural, adjusted gender parity index (GPIA)",UIS.LR.AG15T99.RUR.GPIA,..,..,..
Cuba,CUB,"Adult literacy rate, population 15+ years, male, adjusted location parity index (LPIA)",UIS.LR.AG15T99.M.LPIA,..,..,..
Cote d'Ivoire,CIV,"Adult literacy rate, population 15+ years, rural, adjusted gender parity index (GPIA)",UIS.LR.AG15T99.RUR.GPIA,..,..,..
Cote d'Ivoire,CIV,"Adult literacy rate, population 15+ years, male, adjusted location parity index (LPIA)",UIS.LR.AG15T99.M.LPIA,..,..,..
"Congo, Rep.",COG,"Adult literacy rate, population 15+ years, rural, adjusted gender parity index (GPIA)",UIS.LR.AG15T99.RUR.GPIA,..,..,..
"Congo, Rep.",COG,"Adult literacy rate, population 15+ years, male, adjusted location parity index (LPIA)",UIS.LR.AG15T99.M.LPIA,..,..,..
Croatia,HRV,"Adult literacy rate, population 15+ years, rural, adjusted gender parity index (GPIA)",UIS.LR.AG15T99.RUR.GPIA,..,..,..
Croatia,HRV,"Adult literacy rate, population 15+ years, male, adjusted location parity index (LPIA)",UIS.LR.AG15T99.M.LPIA,..,..,..
Costa Rica,CRI,"Adult literacy rate, population 15+ years, rural, adjusted gender parity index (GPIA)",UIS.LR.AG15T99.RUR.GPIA,..,..,..
Costa Rica,CRI,"Adult literacy rate, population 15+ years, male, adjusted location parity index (LPIA)",UIS.LR.AG15T99.M.LPIA,..,..,..
"Congo, Dem. Rep.",COD,"Adult literacy rate, population 15+ years, rural, adjusted gender parity index (GPIA)",UIS.LR.AG15T99.RUR.GPIA,..,..,..
"Congo, Dem. Rep.",COD,"Adult literacy rate, population 15+ years, male, adjusted location parity index (LPIA)",UIS.LR.AG15T99.M.LPIA,..,..,..
Colombia,COL,"Adult literacy rate, population 15+ years, rural, adjusted gender parity index (GPIA)",UIS.LR.AG15T99.RUR.GPIA,..,1.0178,..
Colombia,COL,"Adult literacy rate, population 15+ years, male, adjusted location parity index (LPIA)",UIS.LR.AG15T99.M.LPIA,..,0.9064,..
Chile,CHL,"Adult literacy rate, population 15+ years, rural, adjusted gender parity index (GPIA)",UIS.LR.AG15T99.RUR.GPIA,1.00558,..,..
Chile,CHL,"Adult literacy rate, population 15+ years, male, adjusted location parity index (LPIA)",UIS.LR.AG15T99.M.LPIA,0.93961,..,..
Channel Islands,CHI,"Adult literacy rate, population 15+ years, rural, adjusted gender parity index (GPIA)",UIS.LR.AG15T99.RUR.GPIA,..,..,..
Channel Islands,CHI,"Adult literacy rate, population 15+ years, male, adjusted location parity index (LPIA)",UIS.LR.AG15T99.M.LPIA,..,..,..
China,CHN,"Adult literacy rate, population 15+ years, rural, adjusted gender parity index (GPIA)",UIS.LR.AG15T99.RUR.GPIA,..,..,..
China,CHN,"Adult literacy rate, population 15+ years, male, adjusted location parity index (LPIA)",UIS.LR.AG15T99.M.LPIA,..,..,..
Comoros,COM,"Adult literacy rate, population 15+ years, rural, adjusted gender parity index (GPIA)",UIS.LR.AG15T99.RUR.GPIA,..,..,..
Comoros,COM,"Adult literacy rate, population 15+ years, male, adjusted location parity index (LPIA)",UIS.LR.AG15T99.M.LPIA,..,..,..
Chad,TCD,"Adult literacy rate, population 15+ years, rural, adjusted gender parity index (GPIA)",UIS.LR.AG15T99.RUR.GPIA,..,..,..
Chad,TCD,"Adult literacy rate, population 15+ years, male, adjusted location parity index (LPIA)",UIS.LR.AG15T99.M.LPIA,..,..,..
Canada,CAN,"Adult literacy rate, population 15+ years, rural, adjusted gender parity index (GPIA)",UIS.LR.AG15T99.RUR.GPIA,..,..,..
Canada,CAN,"Adult literacy rate, population 15+ years, male, adjusted location parity index (LPIA)",UIS.LR.AG15T99.M.LPIA,..,..,..
Cambodia,KHM,"Adult literacy rate, population 15+ years, rural, adjusted gender parity index (GPIA)",UIS.LR.AG15T99.RUR.GPIA,..,..,..
Cambodia,KHM,"Adult literacy rate, population 15+ years, male, adjusted location parity index (LPIA)",UIS.LR.AG15T99.M.LPIA,..,..,..
Cameroon,CMR,"Adult literacy rate, population 15+ years, rural, adjusted gender parity index (GPIA)",UIS.LR.AG15T99.RUR.GPIA,..,..,..
Cameroon,CMR,"Adult literacy rate, population 15+ years, male, adjusted location parity index (LPIA)",UIS.LR.AG15T99.M.LPIA,..,..,..
Cabo Verde,CPV,"Adult literacy rate, population 15+ years, rural, adjusted gender parity index (GPIA)",UIS.LR.AG15T99.RUR.GPIA,..,..,..
Cabo Verde,CPV,"Adult literacy rate, population 15+ years, male, adjusted location parity index (LPIA)",UIS.LR.AG15T99.M.LPIA,..,..,..
Burkina Faso,BFA,"Adult literacy rate, population 15+ years, rural, adjusted gender parity index (GPIA)",UIS.LR.AG15T99.RUR.GPIA,..,..,..
Burkina Faso,BFA,"Adult literacy rate, population 15+ years, male, adjusted location parity index (LPIA)",UIS.LR.AG15T99.M.LPIA,..,..,..
Brunei Darussalam,BRN,"Adult literacy rate, population 15+ years, rural, adjusted gender parity index (GPIA)",UIS.LR.AG15T99.RUR.GPIA,..,..,..
Brunei Darussalam,BRN,"Adult literacy rate, population 15+ years, male, adjusted location parity index (LPIA)",UIS.LR.AG15T99.M.LPIA,..,..,..
Bulgaria,BGR,"Adult literacy rate, population 15+ years, rural, adjusted gender parity index (GPIA)",UIS.LR.AG15T99.RUR.GPIA,..,..,..
Bulgaria,BGR,"Adult literacy rate, population 15+ years, male, adjusted location parity index (LPIA)",UIS.LR.AG15T99.M.LPIA,..,..,..
Burundi,BDI,"Adult literacy rate, population 15+ years, rural, adjusted gender parity index (GPIA)",UIS.LR.AG15T99.RUR.GPIA,0.78794,..,..
Burundi,BDI,"Adult literacy rate, population 15+ years, male, adjusted location parity index (LPIA)",UIS.LR.AG15T99.M.LPIA,0.81164,..,..
Botswana,BWA,"Adult literacy rate, population 15+ years, rural, adjusted gender parity index (GPIA)",UIS.LR.AG15T99.RUR.GPIA,..,..,..
Botswana,BWA,"Adult literacy rate, population 15+ years, male, adjusted location parity index (LPIA)",UIS.LR.AG15T99.M.LPIA,..,..,..
Bolivia,BOL,"Adult literacy rate, population 15+ years, rural, adjusted gender parity index (GPIA)",UIS.LR.AG15T99.RUR.GPIA,..,..,..
Bolivia,BOL,"Adult literacy rate, population 15+ years, male, adjusted location parity index (LPIA)",UIS.LR.AG15T99.M.LPIA,..,..,..
Brazil,BRA,"Adult literacy rate, population 15+ years, rural, adjusted gender parity index (GPIA)",UIS.LR.AG15T99.RUR.GPIA,1.03785,1.0374,..
Brazil,BRA,"Adult literacy rate, population 15+ years, male, adjusted location parity index (LPIA)",UIS.LR.AG15T99.M.LPIA,0.85036,0.85177,..
Bosnia and Herzegovina,BIH,"Adult literacy rate, population 15+ years, rural, adjusted gender parity index (GPIA)",UIS.LR.AG15T99.RUR.GPIA,..,..,..
Bosnia and Herzegovina,BIH,"Adult literacy rate, population 15+ years, male, adjusted location parity index (LPIA)",UIS.LR.AG15T99.M.LPIA,..,..,..
Bhutan,BTN,"Adult literacy rate, population 15+ years, rural, adjusted gender parity index (GPIA)",UIS.LR.AG15T99.RUR.GPIA,0.68131,..,..
Bhutan,BTN,"Adult literacy rate, population 15+ years, male, adjusted location parity index (LPIA)",UIS.LR.AG15T99.M.LPIA,0.76629,..,..
Benin,BEN,"Adult literacy rate, population 15+ years, rural, adjusted gender parity index (GPIA)",UIS.LR.AG15T99.RUR.GPIA,..,..,..
Benin,BEN,"Adult literacy rate, population 15+ years, male, adjusted location parity index (LPIA)",UIS.LR.AG15T99.M.LPIA,..,..,..
Barbados,BRB,"Adult literacy rate, population 15+ years, rural, adjusted gender parity index (GPIA)",UIS.LR.AG15T99.RUR.GPIA,..,..,..
Barbados,BRB,"Adult literacy rate, population 15+ years, male, adjusted location parity index (LPIA)",UIS.LR.AG15T99.M.LPIA,..,..,..
Belarus,BLR,"Adult literacy rate, population 15+ years, rural, adjusted gender parity index (GPIA)",UIS.LR.AG15T99.RUR.GPIA,..,..,..
Belarus,BLR,"Adult literacy rate, population 15+ years, male, adjusted location parity index (LPIA)",UIS.LR.AG15T99.M.LPIA,..,..,..
Belize,BLZ,"Adult literacy rate, population 15+ years, rural, adjusted gender parity index (GPIA)",UIS.LR.AG15T99.RUR.GPIA,..,..,..
Belize,BLZ,"Adult literacy rate, population 15+ years, male, adjusted location parity index (LPIA)",UIS.LR.AG15T99.M.LPIA,..,..,..
Bermuda,BMU,"Adult literacy rate, population 15+ years, rural, adjusted gender parity index (GPIA)",UIS.LR.AG15T99.RUR.GPIA,..,..,..
Bermuda,BMU,"Adult literacy rate, population 15+ years, male, adjusted location parity index (LPIA)",UIS.LR.AG15T99.M.LPIA,..,..,..
Belgium,BEL,"Adult literacy rate, population 15+ years, rural, adjusted gender parity index (GPIA)",UIS.LR.AG15T99.RUR.GPIA,..,..,..
Belgium,BEL,"Adult literacy rate, population 15+ years, male, adjusted location parity index (LPIA)",UIS.LR.AG15T99.M.LPIA,..,..,..
,,,,,,
,,,,,,
,,,,,,
Data from database: Education Statistics - All Indicators,,,,,,
Last Updated: 12/20/2020,,,,,,
